MUNICIPALITY_NAME,geometry
AZZONE,POINT (10.1388663 45.9668198)
SPESSA,POINT (9.330835 45.1217789)
FOMBIO,POINT (9.6899944 45.1284294)
PAVIA,POINT (9.1654656 45.1945233)
VERRUA PO,POINT (9.1815929 45.1109404)
SABBIO CHIESE,POINT (10.4379294 45.6451264)
BRANDICO,POINT (10.0425208 45.4528442)
VILLA DI CHIAVENNA,POINT (9.5037176 46.3245091)
CESANO MADERNO,POINT (9.1496276 45.6290132)
GRANTOLA,POINT (8.7844399 45.9452522)
RASURA,POINT (9.5304472 46.0947776)
TRAONA,POINT (9.5353212 46.1611006)
CORTE DE' CORTESI CON CIGNONE,POINT (10.0006274 45.2674677)
BRIENNO,POINT (9.1251123 45.9149839)
DRESANO,POINT (9.3645965 45.3759658)
CERANOVA,POINT (9.2495828 45.2570825)
TERNO D'ISOLA,POINT (9.5268246 45.6853671)
ALBIZZATE,POINT (8.7998439 45.726162)
BOLTIERE,POINT (9.579288 45.5986124)
COMO,POINT (9.0839751 45.8003662)
SANT'ANGELO LOMELLINA,POINT (8.6445326 45.2394768)
GEMONIO,POINT (8.6813924 45.8793904)
GIANICO,POINT (10.2135945 45.8533805)
ACQUANEGRA SUL CHIESE,POINT (10.4635938 45.1566546)
CISERANO,POINT (9.5968871 45.5848051)
BRENTA,POINT (8.6875929 45.9074806)
ENTRATICO,POINT (9.8780658 45.7026606)
DELLO,POINT (10.1017623 45.4188249)
TREMOSINE SUL GARDA,POINT (10.7249063 45.7919299)
MONTECALVO VERSIGGIA,POINT (9.2732383 44.975216)
SECUGNAGO,POINT (9.5964471 45.2308634)
ZAVATTARELLO,POINT (9.2796196 44.8650545)
LIRIO,POINT (9.2585363 44.9980334)
MEZZANA BIGLI,POINT (8.8814635 45.0662315)
CUCCIAGO,POINT (9.0978871 45.737869)
VOLPARA,POINT (9.3027963 44.9464883)
NOSATE,POINT (8.7227995 45.5575583)
CESATE,POINT (9.0810343 45.5980854)
RIPALTA GUERINA,POINT (9.7047057 45.3066861)
ALBAIRATE,POINT (8.94446 45.4244909)
CASALROMANO,POINT (10.3461078 45.1997342)
MOLTENO,POINT (9.3013598 45.7817043)
ARCORE,POINT (9.3223116 45.6272762)
SERMIDE E FELONICA,POINT (11.3202543 44.9846433)
MOIO DE' CALVI,POINT (9.7039441 45.9625676)
BIASSONO,POINT (9.2770579 45.6274329)
VEROLAVECCHIA,POINT (10.0489725 45.314367)
MONNO,POINT (10.316491 46.2423661)
MASSALENGO,POINT (9.4937306 45.261075)
VALBONDIONE,POINT (10.0054535 46.0366083)
BORNO,POINT (10.1708729 45.9566888)
RICENGO,POINT (9.7386931 45.4078716)
DOSOLO,POINT (10.6469172 44.9607565)
POSTALESIO,POINT (9.7782762 46.1885944)
SAN PAOLO D'ARGON,POINT (9.8021056 45.6893657)
COSTA DI MEZZATE,POINT (9.7967662 45.6557758)
LISSONE,POINT (9.2426676 45.6194273)
CASALETTO LODIGIANO,POINT (9.350214 45.2980826)
VALVARRONE,POINT (9.3613718 46.0851252)
VOLTIDO,POINT (10.3362678 45.1100007)
SAN SIRO,POINT (9.2570148 46.0468398)
CAINO,POINT (10.3248164 45.6190165)
LALLIO,POINT (9.6254848 45.6631527)
TORREVECCHIA PIA,POINT (9.2954938 45.2793021)
PASPARDO,POINT (10.3809717 46.0441344)
CASTELLUCCHIO,POINT (10.6311896 45.1495419)
LECCO,POINT (9.4258304 45.8591663)
PRALBOINO,POINT (10.2351532 45.2656277)
BAGNARIA,POINT (9.1354499 44.8267941)
PORTO MANTOVANO,POINT (10.7604741 45.1926431)
ALGUA,POINT (9.73468 45.8176115)
BRESCIA,POINT (10.2236435 45.5353461)
BARDELLO CON MALGESSO E BREGA,POINT (8.6840584 45.8277554)
CESANO BOSCONE,POINT (9.0865777 45.4403998)
CINO,POINT (9.4835047 46.1683853)
SANTO STEFANO TICINO,POINT (8.9126899 45.4905168)
PIANCOGNO,POINT (10.1917835 45.9295053)
CASPOGGIO,POINT (9.871501 46.2529804)
CITTIGLIO,POINT (8.662141 45.9071282)
BONATE SOPRA,POINT (9.5636868 45.6827775)
OLGIATE OLONA,POINT (8.8741093 45.6288826)
BUCCINASCO,POINT (9.1098896 45.4071142)
SANGIANO,POINT (8.6325673 45.8770167)
ARDESIO,POINT (9.8968094 45.9471116)
TORRE DE' NEGRI,POINT (9.3365544 45.1460323)
SCHIVENOGLIA,POINT (11.0632204 44.9999972)
VERNATE,POINT (9.0561849 45.3195963)
CASTIGLIONE DELLE STIVIERE,POINT (10.4966374 45.37402)
TRIGOLO,POINT (9.8178852 45.3272032)
CORSICO,POINT (9.0975482 45.4348457)
CASALE LITTA,POINT (8.7339582 45.7608306)
BRIGNANO GERA D'ADDA,POINT (9.655011 45.5454777)
VILLONGO,POINT (9.9263994 45.675492)
URAGO D'OGLIO,POINT (9.8787034 45.5208452)
BASSANO BRESCIANO,POINT (10.13058 45.321452)
SOVERE,POINT (10.0166387 45.8239057)
LURAGO MARINONE,POINT (8.9760012 45.7050962)
OME,POINT (10.124211 45.6320281)
GUANZATE,POINT (9.0109739 45.7253429)
GALBIATE,POINT (9.3744925 45.8093893)
CLIVIO,POINT (8.9246889 45.8561009)
SELLERO,POINT (10.3245126 46.0643579)
BRONI,POINT (9.2453987 45.0747549)
GERENZAGO,POINT (9.3659993 45.1971635)
BASIANO,POINT (9.4642998 45.5794833)
FONTANELLA,POINT (9.8058913 45.452107)
GORGONZOLA,POINT (9.4063586 45.5296149)
ALZANO LOMBARDO,POINT (9.7141016 45.7529098)
TAINO,POINT (8.6205594 45.7644092)
VENEGONO INFERIORE,POINT (8.9040039 45.7392423)
LODRINO,POINT (10.2710582 45.7141197)
BERLINGO,POINT (10.0345966 45.5048127)
PONTI SUL MINCIO,POINT (10.686443 45.4096209)
MONTE MARENZO,POINT (9.455148 45.7703551)
OSNAGO,POINT (9.3846638 45.6752163)
TREVIGLIO,POINT (9.5908598 45.5341327)
BEREGAZZO CON FIGLIARO,POINT (8.9510661 45.7710139)
VILLA D'ALME',POINT (9.6228484 45.7523453)
SOLAROLO RAINERIO,POINT (10.3479092 45.0755977)
CANONICA D'ADDA,POINT (9.543845 45.5794473)
MELEGNANO,POINT (9.3181257 45.3553179)
PIEVE FISSIRAGA,POINT (9.4509568 45.2685503)
SAN VITTORE OLONA,POINT (8.9461363 45.5827631)
LIMIDO COMASCO,POINT (8.9792834 45.6854242)
CERNOBBIO,POINT (9.0743637 45.8583754)
BORGOCARBONARA,POINT (11.2154005 45.0239339)
CARNAGO,POINT (8.8367619 45.7191931)
CERANO INTELVI,POINT (9.0724293 45.9283253)
MARIANO COMENSE,POINT (9.1726265 45.6961241)
INVERNO E MONTELEONE,POINT (9.3962678 45.1936155)
ALTA VALLE INTELVI,POINT (9.0325653 45.972688)
BREMBATE,POINT (9.5491285 45.6088328)
NOVEDRATE,POINT (9.1334797 45.7001834)
CASTELDIDONE,POINT (10.4017335 45.0684931)
CISLIANO,POINT (8.9905754 45.4408392)
DARFO BOARIO TERME,POINT (10.200848 45.8882285)
ARCISATE,POINT (8.8675095 45.8552715)
BREZZO DI BEDERO,POINT (8.7179869 45.9777026)
BOSISIO PARINI,POINT (9.293595 45.7974174)
SETTALA,POINT (9.3911095 45.4533863)
CORTEOLONA E GENZONE,POINT (9.3610353 45.1668071)
ALFIANELLO,POINT (10.1513999 45.265259)
GRANDATE,POINT (9.058451 45.7711791)
CAPIAGO INTIMIANO,POINT (9.1312704 45.7707369)
DUNO,POINT (8.7343286 45.9202315)
ONORE,POINT (10.0276805 45.8930337)
MARZIO,POINT (8.8608301 45.9370787)
COLZATE,POINT (9.8280946 45.8299412)
RONCOBELLO,POINT (9.7630021 45.9540183)
GAMBARA,POINT (10.3119308 45.2559488)
MADIGNANO,POINT (9.7200292 45.3362226)
VERDELLINO,POINT (9.6100822 45.6032343)
MONTELLO,POINT (9.7993427 45.6722968)
MONIGA DEL GARDA,POINT (10.5763414 45.527009)
MONTANASO LOMBARDO,POINT (9.4628741 45.3371232)
LONGHENA,POINT (10.0596536 45.4352611)
CAMISANO,POINT (9.7480168 45.4481022)
ANTEGNATE,POINT (9.797647 45.486062)
CASTEL MELLA,POINT (10.1453233 45.5010173)
CADEGLIANO - VICONAGO,POINT (8.8317538 45.9645446)
GALLIATE LOMBARDO,POINT (8.7715099 45.7907088)
LIVRAGA,POINT (9.5465425 45.1873896)
USMATE VELATE,POINT (9.3493141 45.6524515)
CRESPIATICA,POINT (9.5758985 45.3493284)
MARIANA MANTOVANA,POINT (10.4878969 45.1857086)
SANTA BRIGIDA,POINT (9.6168678 45.997247)
MONTE ISOLA,POINT (10.0810607 45.7082314)
REZZATO,POINT (10.3140597 45.5077751)
LONATO DEL GARDA,POINT (10.5214569 45.4439408)
ASOLA,POINT (10.4299735 45.2215534)
CARUGATE,POINT (9.3441325 45.5509314)
QUINTANO,POINT (9.6206234 45.4215667)
MARCIGNAGO,POINT (9.0812293 45.2477162)
PIAZZATORRE,POINT (9.6941974 46.0069947)
GAVARDO,POINT (10.4477651 45.5914742)
BEMA,POINT (9.5891997 46.0787669)
CROTTA D'ADDA,POINT (9.8681088 45.1541335)
SENAGO,POINT (9.120674 45.5721904)
VERGIATE,POINT (8.7032489 45.7327542)
TREZZONE,POINT (9.3528753 46.1881183)
CROSIO DELLA VALLE,POINT (8.7645258 45.7603249)
AGNADELLO,POINT (9.5546963 45.4395009)
BUGUGGIATE,POINT (8.8058907 45.7846677)
MILANO,POINT (9.1594985 45.4612932)
BRUMANO,POINT (9.4982071 45.8539973)
BRISSAGO - VALTRAVAGLIA,POINT (8.7387392 45.9496652)
BEDERO VALCUVIA,POINT (8.799195 45.9105829)
CAPPELLA CANTONE,POINT (9.8348407 45.2420519)
SANTA MARGHERITA DI STAFFORA,POINT (9.2437563 44.7364599)
CENATE SOPRA,POINT (9.8191511 45.7188953)
IRMA,POINT (10.2992951 45.7746384)
DEROVERE,POINT (10.2458374 45.1125486)
PAGNONA,POINT (9.4068591 46.0757215)
SCANDOLARA RIPA D'OGLIO,POINT (10.1487119 45.227069)
COLTURANO,POINT (9.342464 45.3777118)
SAN DANIELE PO,POINT (10.1775355 45.0536939)
ARTOGNE,POINT (10.1997358 45.8371872)
RANZANICO,POINT (9.9396027 45.788951)
VALGANNA,POINT (8.8246595 45.9006191)
TORRE BERETTI E CASTELLARO,POINT (8.6834458 45.0756522)
MONTANO LUCINO,POINT (9.0276907 45.7903017)
SERLE,POINT (10.3606222 45.5766671)
VALMADRERA,POINT (9.3484693 45.8533137)
SUISIO,POINT (9.5060124 45.6568889)
NOVATE MILANESE,POINT (9.1398661 45.5319971)
GREZZAGO,POINT (9.4950436 45.5908299)
CAPONAGO,POINT (9.3763726 45.5650727)
SONGAVAZZO,POINT (10.0336628 45.8698472)
ZERBOLO',POINT (9.0185033 45.21558)
ELLO,POINT (9.3621516 45.782361)
BOTTANUCO,POINT (9.5146182 45.6374211)
MARZANO,POINT (9.2875152 45.2472699)
CASTELNOVETTO,POINT (8.6285695 45.2489124)
PAULLO,POINT (9.4046151 45.4144688)
VALSOLDA,POINT (9.0549618 46.0290988)
PREDORE,POINT (10.0223541 45.6849342)
SIRMIONE,POINT (10.6123782 45.4784875)
SERGNANO,POINT (9.689783 45.4360232)
PALESTRO,POINT (8.5321348 45.2899625)
SCHIGNANO,POINT (9.097176 45.9200754)
GRONE,POINT (9.928975 45.730865)
CASTELVISCONTI,POINT (9.9513271 45.300544)
TORRAZZA COSTE,POINT (9.0973979 44.9628868)
MERLINO,POINT (9.4478646 45.4338415)
ISOLA DOVARESE,POINT (10.3118998 45.1736473)
MAIRANO,POINT (10.0815548 45.4571392)
CALVATONE,POINT (10.4540031 45.1302098)
BASCAPE',POINT (9.3252561 45.2989989)
SIZIANO,POINT (9.216336 45.3094937)
ROCCAFRANCA,POINT (9.9182845 45.4563089)
CISANO BERGAMASCO,POINT (9.4687536 45.7501293)
TORRE D'ARESE,POINT (9.3202616 45.2369511)
SAN DONATO MILANESE,POINT (9.2579214 45.4136302)
SIRONE,POINT (9.3234333 45.7756681)
CASSINA VALSASSINA,POINT (9.4853285 45.9153376)
MESE,POINT (9.3718643 46.3096056)
COLONNO,POINT (9.1469943 45.9648346)
BORGO SAN GIOVANNI,POINT (9.4206748 45.2744752)
LIVIGNO,POINT (10.1291285 46.5234981)
ADRARA SAN ROCCO,POINT (9.9703401 45.7299466)
SEDRINA,POINT (9.6298924 45.7755083)
COSTA MASNAGA,POINT (9.2678587 45.7663297)
TRADATE,POINT (8.9161445 45.7163064)
BORMIO,POINT (10.4151907 46.492726)
LONATE POZZOLO,POINT (8.7377722 45.5880051)
BARASSO,POINT (8.7559707 45.8498406)
CALVISANO,POINT (10.3518571 45.3568949)
VOLTA MANTOVANA,POINT (10.6666422 45.3168525)
SUEGLIO,POINT (9.3393794 46.0920412)
NESSO,POINT (9.1744418 45.9051445)
VILLA CARCINA,POINT (10.1970341 45.638225)
UGGIATE - TREVANO,POINT (8.9651001 45.8237671)
MACHERIO,POINT (9.2627601 45.6380554)
VENEGONO SUPERIORE,POINT (8.901397 45.7546546)
BARANZATE,POINT (9.1108363 45.5281119)
DIZZASCO,POINT (9.1154367 45.9481536)
CAPRIATE SAN GERVASIO,POINT (9.5312873 45.6091407)
ACQUAFREDDA,POINT (10.4079835 45.304737)
BELLAGIO,POINT (9.2463413 45.9578619)
APRICA,POINT (10.1402101 46.1268111)
MAGNAGO,POINT (8.8094779 45.5810186)
CASALMAGGIORE,POINT (10.4891223 44.9905993)
VALDISOTTO,POINT (10.3498785 46.4225973)
PIANELLO DEL LARIO,POINT (9.2550077 46.1027496)
DAZIO,POINT (9.6141625 46.1586913)
CORTENO GOLGI,POINT (10.2291225 46.1359402)
SALA COMACINA,POINT (9.1556358 45.9715779)
TREZZANO ROSA,POINT (9.4838797 45.5837926)
SAN ZENO NAVIGLIO,POINT (10.2142769 45.4866531)
OGGIONA CON SANTO STEFANO,POINT (8.8186074 45.69942)
PUMENENGO,POINT (9.8626506 45.4713074)
ROMANO DI LOMBARDIA,POINT (9.7593324 45.5230821)
SULBIATE,POINT (9.4249267 45.6373954)
GALGAGNANO,POINT (9.4572397 45.3570659)
CURA CARPIGNANO,POINT (9.2530755 45.2048496)
PREMOLO,POINT (9.8500593 45.8970903)
PEDESINA,POINT (9.5254171 46.0780618)
ADRO,POINT (9.968176 45.6221899)
MAGHERNO,POINT (9.3296885 45.21848)
GUSSAGO,POINT (10.1508578 45.5911964)
PIUBEGA,POINT (10.5256929 45.217209)
CORZANO,POINT (10.021063 45.4376961)
CASTELLO D'AGOGNA,POINT (8.6859324 45.235686)
TORRE BOLDONE,POINT (9.703214 45.7224661)
SAN GIORGIO SU LEGNANO,POINT (8.9097156 45.5692604)
VERCANA,POINT (9.3386646 46.1922024)
PONTE NIZZA,POINT (9.1208704 44.8529834)
VALLEVE,POINT (9.7251174 46.0392133)
MELZO,POINT (9.4238684 45.498812)
MONTICELLO BRIANZA,POINT (9.3092496 45.7139753)
COMEZZANO - CIZZAGO,POINT (9.9513576 45.4649596)
GOLASECCA,POINT (8.6648962 45.697322)
CREMOSANO,POINT (9.6470114 45.3892687)
NUVOLERA,POINT (10.3674037 45.5381855)
POGNANO,POINT (9.6385012 45.5837358)
SOLTO COLLINA,POINT (10.0293227 45.7823601)
SANNAZZARO DE' BURGONDI,POINT (8.9146071 45.0939895)
SALO',POINT (10.5561548 45.6135033)
PARLASCO,POINT (9.344864 46.0141838)
CASTIONE ANDEVENNO,POINT (9.8065956 46.1870576)
BELLUSCO,POINT (9.4223533 45.6144594)
GHISALBA,POINT (9.7638376 45.5942537)
VIGOLO,POINT (10.0143577 45.7212516)
BOVISIO MASCIAGO,POINT (9.1431527 45.6133817)
AZZANO MELLA,POINT (10.1099051 45.4671059)
CASORATE SEMPIONE,POINT (8.7448998 45.6626989)
CUMIGNANO SUL NAVIGLIO,POINT (9.835453 45.3476102)
CASORATE PRIMO,POINT (9.0127062 45.3030261)
ALBONESE,POINT (8.706428 45.2919932)
MAGASA,POINT (10.6335849 45.780606)
BARZIO,POINT (9.4962746 45.95346)
RODIGO,POINT (10.6342928 45.1923391)
CALCINATE,POINT (9.7880868 45.6213778)
POGGIO RUSCO,POINT (11.1524679 44.964033)
CERRO MAGGIORE,POINT (8.9640437 45.590232)
RONCADELLE,POINT (10.1474601 45.5336904)
GARZENO,POINT (9.1999358 46.128004)
CONFIENZA,POINT (8.5806336 45.3344917)
CALVENZANO,POINT (9.6014021 45.4894408)
LIPOMO,POINT (9.122235 45.7911133)
LASNIGO,POINT (9.2683566 45.8865455)
FIGINO SERENZA,POINT (9.1369062 45.7138396)
MONASTEROLO DEL CASTELLO,POINT (9.9382413 45.759253)
SAN FIORANO,POINT (9.7157139 45.1324117)
PEGOGNAGA,POINT (10.8598203 44.9998013)
GEROLA ALTA,POINT (9.5516043 46.0469693)
COLICO,POINT (9.3540042 46.1220425)
CAPPELLA DE' PICENARDI,POINT (10.2314062 45.1487143)
CAVENAGO D'ADDA,POINT (9.5949213 45.2802728)
VERTEMATE CON MINOPRIO,POINT (9.0778863 45.7281577)
LAZZATE,POINT (9.08128 45.6730702)
VALGOGLIO,POINT (9.8758692 45.9834066)
GAZOLDO DEGLI IPPOLITI,POINT (10.5664156 45.1951761)
VAL MASINO,POINT (9.6480585 46.2458422)
COSIO VALTELLINO,POINT (9.5273753 46.1208682)
CASEI GEROLA,POINT (8.9260033 45.0207719)
CARAVAGGIO,POINT (9.6538768 45.4859108)
JERAGO CON ORAGO,POINT (8.7928898 45.7080418)
UBOLDO,POINT (8.9935152 45.607425)
RANCO,POINT (8.5772734 45.799493)
SCALDASOLE,POINT (8.9016888 45.1322657)
CASTO,POINT (10.3083353 45.6932801)
BISUSCHIO,POINT (8.8700652 45.8808363)
ROBBIO,POINT (8.6110842 45.3039027)
NEMBRO,POINT (9.7566127 45.753435)
BONEMERSE,POINT (10.0935586 45.1060776)
PARZANICA,POINT (10.0429856 45.7381131)
GARDONE RIVIERA,POINT (10.5821023 45.6399111)
CARVICO,POINT (9.4944527 45.7065731)
FENEGRO',POINT (8.9985385 45.6957424)
SCANZOROSCIATE,POINT (9.761304 45.7136546)
MISSAGLIA,POINT (9.3456555 45.7020424)
VEDUGGIO CON COLZANO,POINT (9.2616468 45.7335731)
PAITONE,POINT (10.3981191 45.5696637)
OLTRESSENDA ALTA,POINT (9.9815328 45.9449732)
BRIONE,POINT (10.1556716 45.6402859)
PESSINA CREMONESE,POINT (10.2678342 45.1828598)
ARSAGO SEPRIO,POINT (8.7360435 45.698473)
ARCENE,POINT (9.6107808 45.5742111)
SAVIORE DELL'ADAMELLO,POINT (10.47709 46.1270693)
VIZZOLA TICINO,POINT (8.6840559 45.6255461)
MOTTEGGIANA,POINT (10.7563139 45.0309345)
ROVERBELLA,POINT (10.8223724 45.2662081)
MONTEGRINO VALTRAVAGLIA,POINT (8.7797706 45.9681617)
TORRE D'ISOLA,POINT (9.0722872 45.2211442)
CAPRALBA,POINT (9.639293 45.4296338)
ZELO BUON PERSICO,POINT (9.4370728 45.3948654)
FILAGO,POINT (9.5503537 45.6295264)
SORDIO,POINT (9.3723649 45.3390731)
COLOGNE,POINT (9.9296905 45.5778525)
ALSERIO,POINT (9.2014751 45.7807721)
VAL DI NIZZA,POINT (9.1746432 44.8710265)
VENIANO,POINT (8.9798332 45.7180998)
BRAONE,POINT (10.3763645 45.9698032)
CAMPARADA,POINT (9.3249148 45.6551788)
BERBENNO,POINT (9.5687157 45.8062429)
CALVIGNANO,POINT (9.1644035 44.984333)
INVERUNO,POINT (8.8544793 45.5178558)
TRENZANO,POINT (10.0027445 45.485041)
CAMPIONE D'ITALIA,POINT (8.9689506 45.9728911)
OLTRE IL COLLE,POINT (9.7788239 45.9120288)
COMUN NUOVO,POINT (9.6607212 45.6128043)
CUSIO,POINT (9.6014623 46.0002046)
MELETI,POINT (9.8274458 45.1316327)
PIAZZOLO,POINT (9.6736871 45.9727298)
FORMIGARA,POINT (9.7513697 45.2309789)
COLERE,POINT (10.0747159 45.9581386)
REZZAGO,POINT (9.2350884 45.8579257)
CHIGNOLO D'ISOLA,POINT (9.5286105 45.6644838)
REA,POINT (9.1563921 45.1173459)
MORAZZONE,POINT (8.8340531 45.7618176)
APPIANO GENTILE,POINT (8.9686301 45.7377579)
CANDIA LOMELLINA,POINT (8.5854335 45.1774039)
PIETRA DE' GIORGI,POINT (9.2440388 45.017798)
BUSSERO,POINT (9.3686043 45.5354726)
TREVISO BRESCIANO,POINT (10.4720199 45.7119519)
PRATA CAMPORTACCIO,POINT (9.4271227 46.2867321)
PIGRA,POINT (9.1251133 45.9655503)
OZZERO,POINT (8.9198867 45.3635033)
COLLI VERDI,POINT (9.2592887 44.9005621)
MALONNO,POINT (10.2962809 46.1254643)
TORNO,POINT (9.1273879 45.8512167)
ROSATE,POINT (9.0220779 45.3533288)
BRESSO,POINT (9.1947214 45.5365119)
TORRE DE' BUSI,POINT (9.4845102 45.7785956)
PONTIROLO NUOVO,POINT (9.5714514 45.5761494)
PONTERANICA,POINT (9.6695237 45.7432104)
CASSANO D'ADDA,POINT (9.5161293 45.5295357)
VERRETTO,POINT (9.108786 45.0395147)
PREVALLE,POINT (10.4195316 45.5443921)
COMABBIO,POINT (8.6783223 45.7754519)
SOSPIRO,POINT (10.1603845 45.1069334)
GRAVELLONA LOMELLINA,POINT (8.7769302 45.3378493)
PESSANO CON BORNAGO,POINT (9.3854001 45.5510571)
LAINATE,POINT (9.0256702 45.5647625)
TORNATA,POINT (10.4384286 45.1053309)
FARA GERA D'ADDA,POINT (9.5464417 45.5450719)
IZANO,POINT (9.7530744 45.3530362)
MEDE,POINT (8.7352924 45.0932166)
MUSCOLINE,POINT (10.4638583 45.5579518)
FINO DEL MONTE,POINT (9.9979033 45.9054245)
CRANDOLA VALSASSINA,POINT (9.4087203 46.0185882)
MARMENTINO,POINT (10.2927148 45.7576915)
BERZO INFERIORE,POINT (10.293762 45.8985293)
CASTELNUOVO BOCCA D'ADDA,POINT (9.8682119 45.1077394)
CERRO AL LAMBRO,POINT (9.3271917 45.3324488)
PAISCO LOVENO,POINT (10.2406488 46.0728684)
BARLASSINA,POINT (9.124757 45.6542012)
ROGNO,POINT (10.116999 45.8607943)
TAVERNERIO,POINT (9.1392434 45.812254)
NICORVO,POINT (8.6684452 45.283486)
ROSASCO,POINT (8.5619113 45.2541157)
BARBATA,POINT (9.7713797 45.4566279)
PANTIGLIATE,POINT (9.3596581 45.4412577)
CALCINATO,POINT (10.3996463 45.4523668)
BARBARIGA,POINT (10.0479538 45.4074071)
CASTIGLIONE D'ADDA,POINT (9.7030781 45.2248358)
BUGLIO IN MONTE,POINT (9.7063697 46.2160762)
VALMOREA,POINT (8.9335794 45.8174373)
MORNICO LOSANA,POINT (9.208101 45.0060819)
GIUSSAGO,POINT (9.153293 45.2783356)
BORGO SAN SIRO,POINT (8.9318696 45.2422938)
TALAMONA,POINT (9.6294397 46.1227268)
BIENNO,POINT (10.3619033 45.9063891)
LACCHIARELLA,POINT (9.1575849 45.3193722)
BRIVIO,POINT (9.4357897 45.7551845)
MONTEMEZZO,POINT (9.365493 46.1974458)
VAIANO CREMASCO,POINT (9.5927093 45.3724369)
VISTARINO,POINT (9.3089855 45.2088208)
LESMO,POINT (9.3056858 45.6463464)
PORTALBERA,POINT (9.3163702 45.0945301)
TORRE DE' ROVERI,POINT (9.7781567 45.70068)
ZEME,POINT (8.6760828 45.1956596)
GERA LARIO,POINT (9.3868912 46.1561003)
BARNI,POINT (9.2652203 45.9078202)
MOLTRASIO,POINT (9.0949852 45.8740868)
CREMA,POINT (9.6843491 45.3660174)
BUSTO ARSIZIO,POINT (8.8433804 45.6053799)
LEGGIUNO,POINT (8.6045622 45.871849)
CHIGNOLO PO,POINT (9.4922829 45.1435039)
COLLEBEATO,POINT (10.2059922 45.5853834)
LIMBIATE,POINT (9.1200362 45.6043091)
RODANO,POINT (9.3483304 45.4746058)
PISOGNE,POINT (10.1339458 45.7980816)
FORESTO SPARSO,POINT (9.9124283 45.6929703)
ROCCA SUSELLA,POINT (9.0966331 44.9191438)
CERTOSA DI PAVIA,POINT (9.1260801 45.2528217)
MONTAGNA IN VALTELLINA,POINT (9.9249132 46.2198858)
MANERBIO,POINT (10.1418016 45.3520816)
CASSINETTA DI LUGAGNANO,POINT (8.908347 45.4252411)
VALTORTA,POINT (9.5348072 45.9802004)
VIZZOLO PREDABISSI,POINT (9.3479848 45.3586332)
PORTO CERESIO,POINT (8.9072069 45.9098974)
CASARGO,POINT (9.4020586 46.0393101)
SANTA CRISTINA E BISSONE,POINT (9.4212102 45.154432)
ZANDOBBIO,POINT (9.8769767 45.6841563)
BOFFALORA D'ADDA,POINT (9.4877107 45.3593927)
TORRE DI SANTA MARIA,POINT (9.8167065 46.2329926)
CORBETTA,POINT (8.9332568 45.4590432)
ODOLO,POINT (10.3904065 45.6376071)
COCCAGLIO,POINT (9.964779 45.5557165)
TICENGO,POINT (9.8224848 45.383278)
CASTELSEPRIO,POINT (8.8625511 45.7182537)
SEDRIANO,POINT (8.9758123 45.4839796)
SALTRIO,POINT (8.9246195 45.8772115)
ALBOSAGGIA,POINT (9.8630437 46.106246)
ROVELLASCA,POINT (9.046081 45.6687091)
PERO,POINT (9.0769983 45.5107884)
PARONA,POINT (8.7598016 45.2827953)
VILLANUOVA SUL CLISI,POINT (10.465455 45.6093651)
PEZZAZE,POINT (10.2202312 45.7844452)
OLGINATE,POINT (9.4106528 45.7858285)
ROBBIATE,POINT (9.4347962 45.6839501)
BORGORATTO MORMOROLO,POINT (9.2003805 44.9436213)
LANDRIANO,POINT (9.2710877 45.3069822)
CAPRIOLO,POINT (9.9403223 45.637755)
SARNICO,POINT (9.9702834 45.6750797)
ERVE,POINT (9.4542855 45.8250834)
SAN GENESIO ED UNITI,POINT (9.1869546 45.2374516)
LAVENONE,POINT (10.4294037 45.7617793)
BOZZOLO,POINT (10.4872529 45.1038425)
ORINO,POINT (8.7179134 45.8806824)
VILLIMPENTA,POINT (11.0145806 45.1344073)
GOTTOLENGO,POINT (10.2733929 45.3091509)
DUBINO,POINT (9.4459651 46.1669206)
TRESIVIO,POINT (9.9505372 46.2000665)
SPINADESCO,POINT (9.9338007 45.1324332)
PALADINA,POINT (9.6134905 45.7290471)
ALMENNO SAN SALVATORE,POINT (9.5897753 45.7514808)
MONZA,POINT (9.2757063 45.592729)
ZOGNO,POINT (9.6779623 45.7965207)
SANT'ALESSIO CON VIALONE,POINT (9.230015 45.2246508)
BRIOSCO,POINT (9.2492912 45.7146836)
SANTA MARIA HOE',POINT (9.3761302 45.7425106)
LODI VECCHIO,POINT (9.4189649 45.3010752)
DESIO,POINT (9.2048853 45.6162892)
PEGLIO,POINT (9.2773631 46.1796308)
PESCAROLO ED UNITI,POINT (10.1991888 45.1951534)
INZAGO,POINT (9.4787763 45.5404492)
BREMBIO,POINT (9.5641852 45.2123219)
MISINTO,POINT (9.0792193 45.6586858)
PALAZZO PIGNANO,POINT (9.5841041 45.4014133)
VALNEGRA,POINT (9.6846592 45.9587662)
COSTA VALLE IMAGNA,POINT (9.5020976 45.8021051)
SONCINO,POINT (9.8502217 45.4043705)
ROMAGNESE,POINT (9.3236745 44.8367761)
BOSNASCO,POINT (9.3667852 45.0567946)
BERBENNO DI VALTELLINA,POINT (9.7359298 46.1987292)
LEFFE,POINT (9.8821244 45.7900837)
LOSINE,POINT (10.3087768 45.9798759)
CASSANO MAGNAGO,POINT (8.8278807 45.6723567)
LA VALLETTA BRIANZA,POINT (9.3624932 45.7287453)
SONDALO,POINT (10.3702976 46.3400941)
LODI,POINT (9.4972608 45.3151449)
TRAVAGLIATO,POINT (10.0764026 45.5193968)
VESCOVATO,POINT (10.168769 45.1629689)
ROGNANO,POINT (9.0873805 45.2975267)
BERTONICO,POINT (9.6800209 45.2451287)
GAZZADA SCHIANNO,POINT (8.8321773 45.7810359)
VERCEIA,POINT (9.4695694 46.1978439)
GALLARATE,POINT (8.7930563 45.6608129)
CORTE PALASIO,POINT (9.5682836 45.3096334)
CERVIGNANO D'ADDA,POINT (9.4303723 45.3738567)
CIGOLE,POINT (10.1859845 45.3139381)
BRUNATE,POINT (9.099524 45.8199228)
PADERNO PONCHIELLI,POINT (9.9250092 45.2334465)
SALE MARASINO,POINT (10.1324362 45.7051998)
MONTODINE,POINT (9.6977631 45.2785015)
LOZZA,POINT (8.8614467 45.7748154)
BLESSAGNO,POINT (9.1033663 45.9668059)
VIGEVANO,POINT (8.8849171 45.3077489)
CASTEL D'ARIO,POINT (10.9666753 45.1721342)
TORRE PALLAVICINA,POINT (9.8595855 45.4469904)
PALOSCO,POINT (9.8329256 45.5811568)
CAVA MANARA,POINT (9.1124866 45.1263759)
SEREGNO,POINT (9.2080052 45.6499801)
MOTTA BALUFFI,POINT (10.2440594 45.0458141)
FONTENO,POINT (10.0000259 45.7523491)
CORVINO SAN QUIRICO,POINT (9.1518749 45.0181118)
SAN MARTINO DEL LAGO,POINT (10.3185689 45.0796742)
CARUGO,POINT (9.1921141 45.7188105)
VIADANICA,POINT (9.9721967 45.6894659)
GROSIO,POINT (10.2248222 46.3460096)
LOMAZZO,POINT (9.0318001 45.6919312)
POZZAGLIO ED UNITI,POINT (10.0427491 45.2109525)
CAPIZZONE,POINT (9.5763726 45.7889862)
CETO,POINT (10.4034678 45.9938394)
ENDINE GAIANO,POINT (9.9792698 45.7831688)
PAVONE DEL MELLA,POINT (10.219999 45.3025036)
MACLODIO,POINT (10.0401079 45.4804271)
CASAZZA,POINT (9.9061547 45.7493147)
BARZANA,POINT (9.5689569 45.7311245)
PALAZZOLO SULL'OGLIO,POINT (9.8923022 45.5883486)
SAN DAMIANO AL COLLE,POINT (9.3521659 45.0334189)
CADREZZATE CON OSMATE,POINT (8.6495516 45.7946394)
VALVESTINO,POINT (10.5956144 45.7629535)
GENIVOLTA,POINT (9.8785945 45.3435692)
VESTONE,POINT (10.3984039 45.709664)
BERZO SAN FERMO,POINT (9.9128351 45.7148882)
CASTANA,POINT (9.2800211 45.0253599)
CASALMORANO,POINT (9.9088258 45.2928974)
CERCINO,POINT (9.5074906 46.1624133)
CEDEGOLO,POINT (10.3864315 46.0647716)
ESINE,POINT (10.2597511 45.8895027)
BELLINZAGO LOMBARDO,POINT (9.4451777 45.5343105)
GRAVEDONA ED UNITI,POINT (9.2191183 46.1576602)
IMBERSAGO,POINT (9.4455355 45.7082277)
SAN ROCCO AL PORTO,POINT (9.6924485 45.0827379)
LONATE CEPPINO,POINT (8.8809616 45.7102505)
SAN GIACOMO DELLE SEGNATE,POINT (11.0115592 44.9669582)
TORRICELLA DEL PIZZO,POINT (10.2858747 45.0149126)
MEZZANA RABATTONE,POINT (9.0372615 45.099714)
VARESE,POINT (8.8034482 45.8312096)
VELLEZZO BELLINI,POINT (9.1035868 45.2738396)
LUMEZZANE,POINT (10.2724752 45.6498683)
PIOLTELLO,POINT (9.3254903 45.48748)
INDUNO OLONA,POINT (8.8383755 45.8599878)
MESERO,POINT (8.8511309 45.4940509)
SAN GIOVANNI BIANCO,POINT (9.6488706 45.8849662)
CORNEGLIANO LAUDENSE,POINT (9.480608 45.2860962)
VALERA FRATTA,POINT (9.3347463 45.2545242)
ALBESE CON CASSANO,POINT (9.1634826 45.8116131)
VILLASANTA,POINT (9.3104702 45.6072424)
BRUNELLO,POINT (8.7991507 45.7660106)
PAGAZZANO,POINT (9.6742589 45.5359938)
GORLA MAGGIORE,POINT (8.9053247 45.6662714)
MASLIANICO,POINT (9.0478014 45.8460475)
VILLA BISCOSSI,POINT (8.7874322 45.0861029)
BARZAGO,POINT (9.3177465 45.7540728)
VIGANO',POINT (9.3288478 45.7221888)
SONDRIO,POINT (9.8614148 46.1846496)
BESOZZO,POINT (8.6464759 45.8508932)
SPIRANO,POINT (9.6691233 45.5821261)
FLERO,POINT (10.1699505 45.4799108)
GARBAGNATE MILANESE,POINT (9.0757857 45.5737152)
PIANENGO,POINT (9.7000668 45.4055792)
SAN PAOLO,POINT (10.0319619 45.3726734)
TREZZO SULL'ADDA,POINT (9.5045439 45.613357)
PIEVE D'OLMI,POINT (10.1298425 45.0721178)
RIVOLTA D'ADDA,POINT (9.515007 45.4613658)
TRUCCAZZANO,POINT (9.4723999 45.479425)
CASNIGO,POINT (9.8715959 45.8202086)
CANTELLO,POINT (8.891495 45.8271418)
CERGNAGO,POINT (8.7613763 45.1971544)
SUZZARA,POINT (10.7358249 45.0006224)
GODIASCO SALICE TERME,POINT (9.0646766 44.8900952)
BORGO PRIOLO,POINT (9.1491435 44.9566503)
FERRERA ERBOGNONE,POINT (8.8544594 45.1009971)
CARAVATE,POINT (8.6534927 45.8774431)
PANDINO,POINT (9.5396303 45.4096776)
CELLA DATI,POINT (10.2139217 45.088516)
TIRANO,POINT (10.1810014 46.2190123)
ALBUZZANO,POINT (9.2680622 45.1885882)
VIMERCATE,POINT (9.3657973 45.6127044)
ZIBIDO SAN GIACOMO,POINT (9.1091137 45.3734049)
TORRICELLA VERZATE,POINT (9.1721607 45.0245011)
MONZAMBANO,POINT (10.6644874 45.3822332)
PIEVE PORTO MORONE,POINT (9.4589364 45.1118075)
VELESO,POINT (9.1877402 45.9160482)
PADERNO DUGNANO,POINT (9.1691248 45.5719081)
CAVERNAGO,POINT (9.7621073 45.6218785)
GERMIGNAGA,POINT (8.7273762 45.9871411)
GRUMELLO CREMONESE ED UNITI,POINT (9.864717 45.2008177)
GONZAGA,POINT (10.8215055 44.9527127)
CARONA,POINT (9.83758 46.0270887)
BASIGLIO,POINT (9.1655594 45.3483485)
CASCIAGO,POINT (8.7711728 45.8327324)
COSTA SERINA,POINT (9.7455538 45.8225379)
SAN BASSANO,POINT (9.8009194 45.2389048)
CERETE,POINT (9.9986533 45.854489)
LAVENO - MOMBELLO,POINT (8.60826 45.9093826)
AVIATICO,POINT (9.7911409 45.7907963)
CAGLIO,POINT (9.2251746 45.871164)
VERTOVA,POINT (9.8147075 45.8306046)
CAMPOSPINOSO,POINT (9.2427306 45.1113335)
UBIALE CLANEZZO,POINT (9.6089907 45.7809888)
SAN GIULIANO MILANESE,POINT (9.2779177 45.3805448)
ROVELLO PORRO,POINT (9.0386019 45.6571552)
PONTE LAMBRO,POINT (9.2210507 45.828731)
RIPALTA CREMASCA,POINT (9.6835449 45.3285855)
VANZAGO,POINT (8.98542 45.51984)
CASTELLANZA,POINT (8.9002124 45.6091993)
GRASSOBBIO,POINT (9.7240696 45.649806)
MARCALLO CON CASONE,POINT (8.8644971 45.4869129)
INTROBIO,POINT (9.4791181 45.9973727)
PIARIO,POINT (9.9226666 45.8928837)
CUSANO MILANINO,POINT (9.1839256 45.5525467)
PARATICO,POINT (9.9576695 45.6566391)
CASIRATE D'ADDA,POINT (9.552903 45.4999622)
POLPENAZZE DEL GARDA,POINT (10.4986849 45.5461775)
CORTENUOVA,POINT (9.8004543 45.5335113)
VEDANO AL LAMBRO,POINT (9.2690366 45.6126984)
FERNO,POINT (8.7424443 45.6197179)
CHIUDUNO,POINT (9.8517368 45.6512305)
PONTEVICO,POINT (10.0994751 45.2784787)
ARESE,POINT (9.0725665 45.5489711)
TAVERNOLA BERGAMASCA,POINT (10.0442903 45.7001737)
CASTELBELFORTE,POINT (10.895661 45.2182431)
VAL BREMBILLA,POINT (9.5966574 45.8245182)
BAGNOLO MELLA,POINT (10.1849384 45.4202341)
ISSO,POINT (9.7431705 45.4702668)
PIZZIGHETTONE,POINT (9.7963225 45.1913075)
CIMBERGO,POINT (10.4064876 46.025573)
STRADELLA,POINT (9.3096521 45.0789631)
CAMPODOLCINO,POINT (9.3493153 46.4042956)
ZERBO,POINT (9.4018785 45.1074084)
MAGNACAVALLO,POINT (11.178536 45.0008441)
LANZADA,POINT (9.9114445 46.3126009)
POZZOLENGO,POINT (10.6202818 45.413014)
PROVAGLIO D'ISEO,POINT (10.0522784 45.6311328)
VOGHERA,POINT (9.0152132 45.0140292)
SAN PELLEGRINO TERME,POINT (9.6582463 45.8402349)
MONTICELLI PAVESE,POINT (9.510311 45.1075701)
GERENZANO,POINT (8.9903523 45.6329439)
CARPENEDOLO,POINT (10.4341456 45.3519243)
ROTA D'IMAGNA,POINT (9.5105682 45.8359535)
VALBRONA,POINT (9.3034588 45.8810324)
ONETA,POINT (9.8085301 45.8748855)
ALBAVILLA,POINT (9.1909781 45.8098788)
DUMENZA,POINT (8.7970507 46.0308562)
URGNANO,POINT (9.7083785 45.6018636)
CASTENEDOLO,POINT (10.2984224 45.4654188)
VILLANOVA DEL SILLARO,POINT (9.4703298 45.2415249)
VALDIDENTRO,POINT (10.2821375 46.508909)
FOPPOLO,POINT (9.7608402 46.0480525)
SUARDI,POINT (8.7429617 45.0267149)
RUDIANO,POINT (9.8942757 45.4854735)
OSTIANO,POINT (10.256203 45.2208366)
SOMAGLIA,POINT (9.640465 45.1515392)
BESNATE,POINT (8.7615188 45.7013909)
BUSTO GAROLFO,POINT (8.886681 45.5422464)
ALMENNO SAN BARTOLOMEO,POINT (9.569563 45.7480268)
CASLINO D'ERBA,POINT (9.2244185 45.8469811)
SOTTO IL MONTE GIOVANNI XXIII,POINT (9.5106908 45.7062593)
PIAZZA BREMBANA,POINT (9.6577132 45.9491572)
ORSENIGO,POINT (9.1730604 45.7778929)
CARIMATE,POINT (9.1097444 45.7075126)
ESINO LARIO,POINT (9.3514908 45.984062)
PESCHIERA BORROMEO,POINT (9.3043476 45.4423896)
MEDOLE,POINT (10.5170054 45.3230455)
SOLBIATE OLONA,POINT (8.8727627 45.649743)
RODERO,POINT (8.9182082 45.8244307)
SENIGA,POINT (10.1893966 45.246607)
TURANO LODIGIANO,POINT (9.6308167 45.2515276)
BESATE,POINT (8.9668646 45.3036192)
CASSAGO BRIANZA,POINT (9.2869921 45.73419)
LURANO,POINT (9.6416132 45.5685443)
LOCATE DI TRIULZI,POINT (9.2256433 45.3589707)
DOVERA,POINT (9.5362619 45.3655233)
AIRUNO,POINT (9.4209479 45.7558796)
ABBADIA CERRETO,POINT (9.5939256 45.3199052)
CARPIANO,POINT (9.2733049 45.3458591)
CAPO DI PONTE,POINT (10.3130353 46.0457042)
BRALLO DI PREGOLA,POINT (9.2835604 44.7218536)
CASALMORO,POINT (10.4137704 45.2710672)
PERSICO DOSIMO,POINT (10.0801957 45.1813514)
MALEGNO,POINT (10.2729038 45.9592413)
MACCASTORNA,POINT (9.8539401 45.1440654)
GAMBOLO',POINT (8.8810066 45.2560625)
TACENO,POINT (9.3612157 46.0139951)
ADRARA SAN MARTINO,POINT (9.9618999 45.7158824)
CARONNO VARESINO,POINT (8.8285691 45.7414352)
COSTA DE' NOBILI,POINT (9.3847885 45.1351997)
MONTICELLI BRUSATI,POINT (10.0977384 45.6359186)
LOCATE VARESINO,POINT (8.921228 45.6942692)
CASTELGERUNDO,POINT (9.740275 45.1992288)
CASALETTO CEREDANO,POINT (9.6185664 45.3108931)
BRUSAPORTO,POINT (9.7623057 45.6707945)
PIAN CAMUNO,POINT (10.1642269 45.8305144)
GARBAGNATE MONASTERO,POINT (9.3043717 45.7675249)
MONTICHIARI,POINT (10.3880848 45.4111469)
CAROBBIO DEGLI ANGELI,POINT (9.849277 45.6595301)
PROSERPIO,POINT (9.2529156 45.8305649)
VIONE,POINT (10.4401076 46.2600202)
PIEVE DEL CAIRO,POINT (8.8147063 45.0527771)
MOGLIA,POINT (10.9233205 44.952996)
PONCARALE,POINT (10.182875 45.4584157)
LISCATE,POINT (9.4072753 45.4721082)
VIDIGULFO,POINT (9.2351933 45.2910487)
PIEVE ALBIGNOLA,POINT (8.9639517 45.1029166)
CASSOLNOVO,POINT (8.793797 45.3690734)
BULCIAGO,POINT (9.2885643 45.7550685)
GAZZUOLO,POINT (10.5665297 45.0689399)
GAMBARANA,POINT (8.7698299 45.0423218)
PERLEDO,POINT (9.3012149 46.0180688)
MOTTA VISCONTI,POINT (8.9892975 45.2833694)
ORZINUOVI,POINT (9.9572339 45.3980011)
BAGNATICA,POINT (9.7662758 45.6568337)
SAN MARTINO DALL'ARGINE,POINT (10.5349121 45.0965056)
CUGLIATE - FABIASCO,POINT (8.8221449 45.9435251)
ISPRA,POINT (8.6115322 45.8112939)
CORNO GIOVINE,POINT (9.775594 45.1304633)
ABBADIA LARIANA,POINT (9.3566953 45.8964877)
BUSCATE,POINT (8.8148577 45.5441042)
LOMAGNA,POINT (9.3689965 45.6690623)
SIRTORI,POINT (9.3359058 45.7349247)
CASTIGLIONE OLONA,POINT (8.8671888 45.7538016)
MONTESEGALE,POINT (9.1261892 44.9068788)
CARNATE,POINT (9.3809613 45.6469554)
OSIO SOTTO,POINT (9.5865322 45.6134389)
GANDELLINO,POINT (9.9366567 46.007283)
LAVENA PONTE TRESA,POINT (8.8643645 45.959577)
CASNATE CON BERNATE,POINT (9.0740275 45.7604096)
CERNUSCO SUL NAVIGLIO,POINT (9.3334499 45.5241417)
CORNALBA,POINT (9.7590475 45.8556365)
PREGNANA MILANESE,POINT (9.0040849 45.5164973)
ZELBIO,POINT (9.1931199 45.9022487)
VALGREGHENTINO,POINT (9.4032507 45.7731945)
BEDIZZOLE,POINT (10.4169871 45.4989287)
PADERNO D'ADDA,POINT (9.4525741 45.6743742)
CARLAZZO,POINT (9.1551533 46.054346)
ROVATO,POINT (10.0119759 45.5480507)
AROSIO,POINT (9.2139388 45.7219982)
CASTEGGIO,POINT (9.1346613 45.0099693)
OLGIATE COMASCO,POINT (8.9682114 45.7821966)
FORTUNAGO,POINT (9.1864556 44.9109555)
PERTICA BASSA,POINT (10.3793804 45.7579346)
PRESEZZO,POINT (9.5701025 45.693909)
ACQUANEGRA CREMONESE,POINT (9.8895497 45.1762854)
ROBECCHETTO CON INDUNO,POINT (8.75923 45.5201088)
ANDALO VALTELLINO,POINT (9.4751339 46.1172945)
GRIANTE,POINT (9.2416741 45.9947736)
CREDERA RUBBIANO,POINT (9.648122 45.2960354)
CAVARGNA,POINT (9.0970991 46.1056525)
INARZO,POINT (8.7278827 45.7838368)
BLEVIO,POINT (9.1043108 45.8391599)
RIVA DI SOLTO,POINT (10.0327929 45.7652241)
PERTICA ALTA,POINT (10.34253 45.7490096)
BORGO VIRGILIO,POINT (10.7760154 45.0880323)
CAVRIANA,POINT (10.6167459 45.3344914)
ONO SAN PIETRO,POINT (10.2946709 46.0378662)
DORNO,POINT (8.9464651 45.1465506)
BREME,POINT (8.6209269 45.1303508)
CUVEGLIO,POINT (8.7473395 45.9110597)
VALLE SALIMBENE,POINT (9.2333035 45.160116)
TELGATE,POINT (9.8508251 45.619664)
MORTERONE,POINT (9.4834971 45.8795056)
CASTEGNATO,POINT (10.115266 45.5564573)
COGLIATE,POINT (9.0880612 45.6455111)
TRESCORE CREMASCO,POINT (9.6187162 45.3983498)
VILLA DI SERIO,POINT (9.7464976 45.7245297)
SAN GIOVANNI DEL DOSSO,POINT (11.0657449 44.9742452)
GAVIRATE,POINT (8.7250256 45.8439965)
MERATE,POINT (9.4172711 45.6985607)
GUIDIZZOLO,POINT (10.5706811 45.3106099)
CANZO,POINT (9.290514 45.8487505)
CUASSO AL MONTE,POINT (8.8674783 45.9090574)
FRASCAROLO,POINT (8.6907624 45.0405971)
GERRE DE'CAPRIOLI,POINT (10.0397415 45.0896695)
BOTTICINO,POINT (10.313434 45.549594)
CIVIDATE AL PIANO,POINT (9.8290707 45.5465091)
VALEGGIO,POINT (8.8727761 45.1497608)
BIZZARONE,POINT (8.9455487 45.8359393)
FIESCO,POINT (9.7798382 45.3347962)
PESCATE,POINT (9.3953704 45.8322457)
MANDELLO DEL LARIO,POINT (9.3448081 45.9177741)
PIEVE EMANUELE,POINT (9.1986975 45.353292)
TORRE DE' PICENARDI,POINT (10.2929741 45.1242285)
SAN ZENONE AL PO,POINT (9.3709248 45.1137894)
MONTIRONE,POINT (10.2296161 45.4472335)
MOZZANICA,POINT (9.693869 45.467309)
VALBREMBO,POINT (9.607549 45.7185327)
BODIO LOMNAGO,POINT (8.7512686 45.7912324)
POZZUOLO MARTESANA,POINT (9.4606411 45.5106604)
SUSTINENTE,POINT (11.0270769 45.0804366)
VEZZA D'OGLIO,POINT (10.3896882 46.2677146)
OLGIATE MOLGORA,POINT (9.4037077 45.7267118)
MARGNO,POINT (9.3899904 46.029714)
FIESSE,POINT (10.3332223 45.2278097)
SANT'OMOBONO TERME,POINT (9.5185573 45.8176596)
GANDINO,POINT (9.9288938 45.8269672)
GORNO,POINT (9.8439459 45.8733407)
PIADENA DRIZZONA,POINT (10.3696382 45.1348515)
LOVERO,POINT (10.2308044 46.2295306)
TROMELLO,POINT (8.8504104 45.2044497)
BREBBIA,POINT (8.6334134 45.8289562)
MONTESCANO,POINT (9.2895705 45.0272328)
BERNATE TICINO,POINT (8.8135319 45.4775494)
OSPITALETTO,POINT (10.0777621 45.552444)
GIUSSANO,POINT (9.2142814 45.6911637)
CAPRIANO DEL COLLE,POINT (10.1394852 45.4491189)
VILLANOVA D'ARDENGHI,POINT (9.0392587 45.167114)
CIVATE,POINT (9.3278834 45.8268388)
BARIANO,POINT (9.7069974 45.5137613)
ANNONE DI BRIANZA,POINT (9.3305397 45.8026376)
CASSANO VALCUVIA,POINT (8.7611254 45.9313021)
QUINGENTOLE,POINT (11.0413916 45.0347101)
BRACCA,POINT (9.7052224 45.8218701)
PARRE,POINT (9.8829154 45.9019189)
MAPELLO,POINT (9.5408583 45.7088081)
ANFO,POINT (10.4785931 45.7831307)
AZZANO SAN PAOLO,POINT (9.6813617 45.6584406)
BAGNOLO CREMASCO,POINT (9.6105525 45.3647304)
BORGHETTO LODIGIANO,POINT (9.5042865 45.2103443)
STAGNO LOMBARDO,POINT (10.0808412 45.0638845)
BEREGUARDO,POINT (9.0123942 45.2526681)
CORTE FRANCA,POINT (10.0012452 45.6289996)
CASTELLO CABIAGLIO,POINT (8.7603309 45.8860637)
CENTRO VALLE INTELVI,POINT (9.0612509 45.9444093)
LUINO,POINT (8.7512405 46.0002692)
MAGENTA,POINT (8.8621995 45.4511957)
CASOREZZO,POINT (8.9073754 45.5268241)
CERETTO LOMELLINA,POINT (8.6708047 45.2476798)
PIEVE SAN GIACOMO,POINT (10.1913054 45.1267696)
PIERANICA,POINT (9.6096613 45.428748)
VALFURVA,POINT (10.5119807 46.4171927)
ROZZANO,POINT (9.1638306 45.381658)
VERVIO,POINT (10.2063809 46.2595763)
BENE LARIO,POINT (9.1729789 46.0233903)
CHIAVENNA,POINT (9.4056066 46.3293014)
RESCALDINA,POINT (8.9539237 45.6241661)
MORIMONDO,POINT (8.9546753 45.3515969)
OSIO SOPRA,POINT (9.5855355 45.6308457)
MANERBA DEL GARDA,POINT (10.5800564 45.5523568)
MORENGO,POINT (9.7126846 45.539343)
AICURZIO,POINT (9.4146263 45.6444145)
BIANZANO,POINT (9.8974405 45.7745493)
MILZANO,POINT (10.1928441 45.2731537)
OLIVETO LARIO,POINT (9.2854392 45.9292601)
CASALBUTTANO ED UNITI,POINT (9.9663309 45.2457463)
VILLA D'ADDA,POINT (9.4664334 45.7149015)
TRONZANO LAGO MAGGIORE,POINT (8.7360544 46.0830524)
MUGGIO',POINT (9.2259427 45.5864027)
AGRATE BRIANZA,POINT (9.3611525 45.5746724)
CERIANO LAGHETTO,POINT (9.08062 45.6294231)
MALAGNINO,POINT (10.1194456 45.1275715)
CINISELLO BALSAMO,POINT (9.2236748 45.5579341)
BADIA PAVESE,POINT (9.4567241 45.1233029)
SPRIANA,POINT (9.882448 46.2151001)
PARABIAGO,POINT (8.9432965 45.5517035)
MARCARIA,POINT (10.5907731 45.1074146)
GRAFFIGNANA,POINT (9.448154 45.2076602)
SAN GIACOMO FILIPPO,POINT (9.3511048 46.3491595)
GORLAGO,POINT (9.8397573 45.6676852)
VOBARNO,POINT (10.4961292 45.675284)
QUINZANO D'OGLIO,POINT (10.0072502 45.3127619)
SOIANO DEL LAGO,POINT (10.5049887 45.5315384)
SALVIROLA,POINT (9.7896133 45.3596086)
MASATE,POINT (9.4659124 45.5671228)
FERRERA DI VARESE,POINT (8.7864868 45.930863)
CASALPUSTERLENGO,POINT (9.6247502 45.1971627)
TRAVEDONA - MONATE,POINT (8.6702538 45.8045551)
PONTE DI LEGNO,POINT (10.5090972 46.268726)
PIANICO,POINT (10.0391839 45.8064499)
CAPOVALLE,POINT (10.5361708 45.7454937)
TOSCOLANO MADERNO,POINT (10.6078566 45.6561145)
ROBECCO SUL NAVIGLIO,POINT (8.8701228 45.4252886)
MEDA,POINT (9.1591532 45.667246)
ROGENO,POINT (9.2697963 45.7874077)
PONTIDA,POINT (9.4879174 45.7323796)
ALME',POINT (9.614686 45.7385326)
CENE,POINT (9.848049 45.7796376)
OSPEDALETTO LODIGIANO,POINT (9.584676 45.1705068)
SAN GERVASIO BRESCIANO,POINT (10.1514763 45.3002527)
SUELLO,POINT (9.3175752 45.8198745)
BERNAREGGIO,POINT (9.4027833 45.648456)
CICOGNOLO,POINT (10.2034844 45.1634732)
SANTO STEFANO LODIGIANO,POINT (9.7436134 45.1156019)
CIGOGNOLA,POINT (9.2480645 45.0390517)
DOSSENA,POINT (9.7017575 45.8950501)
SPINONE AL LAGO,POINT (9.9192104 45.7659825)
PRIMALUNA,POINT (9.4273182 45.991147)
TRIUGGIO,POINT (9.2755029 45.666662)
SOVICO,POINT (9.2608669 45.6458664)
SPINEDA,POINT (10.5155158 45.0616744)
FARA OLIVANA CON SOLA,POINT (9.7346799 45.4910213)
ALAGNA,POINT (8.8921526 45.1655328)
BUBBIANO,POINT (9.0056116 45.3288345)
GAVERINA TERME,POINT (9.883512 45.7559931)
ARENA PO,POINT (9.3857662 45.0841537)
MORTARA,POINT (8.7438691 45.2469628)
COCQUIO - TREVISAGO,POINT (8.7030349 45.8635499)
COVO,POINT (9.7874231 45.5026222)
BARZANO',POINT (9.3118763 45.7302941)
SETTIMO MILANESE,POINT (9.054884 45.483485)
CARBONARA AL TICINO,POINT (9.0824911 45.1738189)
SOMMA LOMBARDO,POINT (8.6852884 45.6684618)
GOLFERENZO,POINT (9.3062025 44.9613872)
MELLO,POINT (9.5410351 46.170551)
ANGOLO TERME,POINT (10.134887 45.90298)
SILVANO PIETRA,POINT (8.9469504 45.0565693)
BESANO,POINT (8.9025635 45.88714)
LIERNA,POINT (9.3199196 45.9601478)
CASTELVECCANA,POINT (8.6660038 45.9443817)
GADESCO PIEVE DELMONA,POINT (10.1174492 45.1676633)
MONTEBELLO DELLA BATTAGLIA,POINT (9.0976459 45.0052915)
SEMIANA,POINT (8.7285455 45.140744)
FALOPPIO,POINT (8.969928 45.8087851)
CASSINA RIZZARDI,POINT (9.0270874 45.749643)
CASTELLO DELL'ACQUA,POINT (10.009071 46.1318291)
ORIGGIO,POINT (9.0071357 45.592387)
TALEGGIO,POINT (9.5729029 45.90236)
CAZZAGO SAN MARTINO,POINT (10.0323173 45.5655234)
PALAZZAGO,POINT (9.535884 45.7533234)
VAILATE,POINT (9.6011973 45.4572663)
FINO MORNASCO,POINT (9.0555181 45.7422646)
GROSOTTO,POINT (10.2270954 46.2955955)
GESSATE,POINT (9.4307773 45.5575809)
TAVAZZANO CON VILLAVESCO,POINT (9.410312 45.3339663)
CASTANO PRIMO,POINT (8.7604284 45.548296)
SAMARATE,POINT (8.7738541 45.6213038)
MADESIMO,POINT (9.3281389 46.4615916)
CECIMA,POINT (9.0726903 44.8412549)
PORTO VALTRAVAGLIA,POINT (8.6938363 45.9582462)
PANCARANA,POINT (9.0481089 45.0810505)
CHIARI,POINT (9.9173561 45.5272482)
TROVO,POINT (9.041438 45.2885593)
VERDELLO,POINT (9.6377609 45.6006782)
CASALETTO DI SOPRA,POINT (9.792812 45.4141451)
LOMELLO,POINT (8.7925924 45.1209784)
OTTOBIANO,POINT (8.8251469 45.1599014)
MARMIROLO,POINT (10.7488512 45.2558141)
ROVETTA,POINT (10.0035558 45.9078663)
ZECCONE,POINT (9.190081 45.2600074)
SEVESO,POINT (9.142502 45.6462207)
CARATE URIO,POINT (9.1173905 45.8804791)
SABBIONETA,POINT (10.5296974 45.0126191)
TEMU',POINT (10.4786464 46.2574403)
MARNATE,POINT (8.9143959 45.6308798)
SORICO,POINT (9.4066374 46.1884841)
SESTO CALENDE,POINT (8.6302905 45.7443509)
AGNOSINE,POINT (10.3462062 45.6397267)
MALEO,POINT (9.766196 45.1648384)
SOLZA,POINT (9.4891777 45.6782051)
FUSINE,POINT (9.7605113 46.106241)
COLORINA,POINT (9.7197717 46.1417057)
TURBIGO,POINT (8.7366307 45.5258259)
RIVAROLO DEL RE ED UNITI,POINT (10.4654423 45.0366203)
CADORAGO,POINT (9.0481028 45.7215397)
FORCOLA,POINT (9.6847169 46.1356936)
PEIA,POINT (9.9148215 45.794583)
CASSIGLIO,POINT (9.6077351 45.9551467)
BAREGGIO,POINT (8.9983944 45.4779884)
SERNIO,POINT (10.212465 46.2247946)
CARBONATE,POINT (8.9342972 45.6954199)
VOLONGO,POINT (10.3017078 45.2060749)
CREMIA,POINT (9.2581415 46.0888964)
ISEO,POINT (10.0400027 45.6657643)
CANTU',POINT (9.134194 45.7377352)
FILIGHERA,POINT (9.3172205 45.177238)
NOVATE MEZZOLA,POINT (9.5004421 46.2418675)
NAVE,POINT (10.2909089 45.5906205)
MEDOLAGO,POINT (9.4957439 45.673338)
COPIANO,POINT (9.3340683 45.194384)
CURNO,POINT (9.60719 45.6861491)
CAVENAGO DI BRIANZA,POINT (9.4206211 45.5840018)
CASELLE LURANI,POINT (9.3613434 45.2724221)
VERMEZZO CON ZELO,POINT (8.9815036 45.3908596)
SENNA LODIGIANA,POINT (9.5947007 45.1358169)
DONGO,POINT (9.2667822 46.124858)
CASTELLETTO DI BRANDUZZO,POINT (9.0949777 45.0717651)
PADENGHE SUL GARDA,POINT (10.5558882 45.5060864)
MARCHIROLO,POINT (8.8345395 45.9421234)
PIATEDA,POINT (9.9163353 46.1061914)
DERVIO,POINT (9.3190428 46.078473)
CUSINO,POINT (9.1747315 46.0870301)
CASATISMA,POINT (9.1223355 45.053877)
STEZZANO,POINT (9.6512084 45.6462073)
PRADALUNGA,POINT (9.7921507 45.738653)
TARTANO,POINT (9.6939704 46.1032269)
FUIPIANO VALLE IMAGNA,POINT (9.5338584 45.8575675)
MURA,POINT (10.3441698 45.7159296)
CALVAGESE DELLA RIVIERA,POINT (10.4569401 45.5284822)
ARGEGNO,POINT (9.1250561 45.9422633)
CREDARO,POINT (9.9148246 45.6616954)
CAPRINO BERGAMASCO,POINT (9.5002994 45.7604292)
GOITO,POINT (10.6491819 45.2503939)
SOLBIATE CON CAGNO,POINT (8.9204587 45.8004736)
PONTE NOSSA,POINT (9.88604 45.8615372)
VILLA DI TIRANO,POINT (10.144499 46.1916195)
FIORANO AL SERIO,POINT (9.8357934 45.8043632)
SAN COLOMBANO AL LAMBRO,POINT (9.4848876 45.1817321)
OLTRONA DI SAN MAMETTE,POINT (8.970652 45.7550262)
CARATE BRIANZA,POINT (9.2364401 45.6758646)
SPINO D'ADDA,POINT (9.4836339 45.3930566)
BORGO MANTOVANO,POINT (11.1207351 45.0243271)
ROCCA DE' GIORGI,POINT (9.252323 44.9542528)
PASTURO,POINT (9.419517 45.9481347)
ROBECCO PAVESE,POINT (9.1508595 45.0526307)
COLOGNO AL SERIO,POINT (9.7110572 45.5751092)
ISORELLA,POINT (10.3143679 45.3064743)
REDONDESCO,POINT (10.519725 45.1764634)
CASELLE LANDI,POINT (9.8077163 45.0912984)
SESTO SAN GIOVANNI,POINT (9.2393357 45.5370537)
LIMONE SUL GARDA,POINT (10.7983294 45.8202792)
SORESINA,POINT (9.8485577 45.2916016)
SALERANO SUL LAMBRO,POINT (9.385971 45.2906587)
MASCIAGO PRIMO,POINT (8.7887645 45.9180865)
VEDANO OLONA,POINT (8.8881335 45.7707123)
RONCO BRIANTINO,POINT (9.403568 45.666201)
OLMO AL BREMBO,POINT (9.6513464 45.970116)
BAGNOLO SAN VITO,POINT (10.8977382 45.0792117)
MEZZOLDO,POINT (9.6597242 46.0245275)
CORNATE D'ADDA,POINT (9.4721485 45.6440305)
LUISAGO,POINT (9.0434997 45.7610306)
BOVEZZO,POINT (10.2495036 45.6016032)
PUSIANO,POINT (9.2821986 45.8199075)
TEGLIO,POINT (10.0957377 46.1392663)
OLMENETA,POINT (10.033105 45.2401931)
FAGNANO OLONA,POINT (8.8719685 45.6618975)
VILMINORE DI SCALVE,POINT (10.0692671 46.0124017)
MARUDO,POINT (9.3740835 45.2558261)
CILAVEGNA,POINT (8.7542025 45.3114305)
CASSINA DE PECCHI,POINT (9.376846 45.5149194)
TERNATE,POINT (8.6977517 45.7850549)
SAN BARTOLOMEO VAL CAVARGNA,POINT (9.1562109 46.0951995)
PORLEZZA,POINT (9.1201882 46.0280903)
MALNATE,POINT (8.8826095 45.7981754)
VANZAGHELLO,POINT (8.7777189 45.5835654)
BULGAROGRASSO,POINT (9.0082976 45.7492193)
LURAGO D'ERBA,POINT (9.2178441 45.7570516)
EDOLO,POINT (10.3722551 46.176576)
BAGOLINO,POINT (10.4557449 45.8645897)
LEZZENO,POINT (9.1909185 45.9418973)
SOLFERINO,POINT (10.558172 45.3661491)
ZONE,POINT (10.1336146 45.7623524)
BLELLO,POINT (9.5719807 45.8356821)
GROPELLO CAIROLI,POINT (8.9945785 45.1732988)
CONCESIO,POINT (10.2155781 45.6114686)
CAIOLO,POINT (9.8173202 46.1023943)
MORNAGO,POINT (8.7520589 45.7361586)
TRESCORE BALNEARIO,POINT (9.8562659 45.6982177)
VITTUONE,POINT (8.9567408 45.4774556)
BESANA IN BRIANZA,POINT (9.2742767 45.6946908)
BALLABIO,POINT (9.4203478 45.9030946)
SULZANO,POINT (10.1062367 45.6816764)
GARLATE,POINT (9.4006697 45.8107625)
CHIEVE,POINT (9.6134756 45.3371018)
CONCOREZZO,POINT (9.3347104 45.5913105)
CUSAGO,POINT (9.0283316 45.4476777)
CASTELVERDE,POINT (9.9939723 45.2010107)
BATTUDA,POINT (9.0636473 45.2717483)
TOVO DI SANT'AGATA,POINT (10.263823 46.2319758)
BRANZI,POINT (9.7816614 46.004231)
CHIESA IN VALMALENCO,POINT (9.7990264 46.2957909)
RENATE,POINT (9.2783476 45.7224952)
MONTE CREMASCO,POINT (9.5698155 45.3748434)
COMERIO,POINT (8.7419234 45.8525551)
GORNATE OLONA,POINT (8.8616036 45.7355463)
DAIRAGO,POINT (8.8527692 45.5632769)
GABBIONETA BINANUOVA,POINT (10.2036004 45.2184314)
TRAVACO' SICCOMARIO,POINT (9.1776414 45.1475639)
ALBAREDO PER SAN MARCO,POINT (9.6149623 46.078597)
SOMMO,POINT (9.0826172 45.1237213)
LEVATE,POINT (9.6265858 45.6289381)
EUPILIO,POINT (9.2691042 45.8147086)
SAN FELICE DEL BENACO,POINT (10.5791789 45.5880271)
ABBIATEGRASSO,POINT (8.9016879 45.3700246)
ANNICCO,POINT (9.8844629 45.2519152)
CABIATE,POINT (9.170539 45.6758601)
GUDO VISCONTI,POINT (8.9912959 45.3821978)
CLUSONE,POINT (9.936459 45.8756945)
MOGGIO,POINT (9.5100017 45.9129996)
DOMASO,POINT (9.330317 46.1457536)
CESANA BRIANZA,POINT (9.3003077 45.8204732)
OPERA,POINT (9.2096343 45.3794236)
PIANTEDO,POINT (9.4260139 46.1221916)
MISANO DI GERA D'ADDA,POINT (9.6290211 45.4675019)
CAIRATE,POINT (8.8645112 45.6863194)
RONCELLO,POINT (9.4593197 45.6006904)
BORNASCO,POINT (9.2080654 45.267382)
LINAROLO,POINT (9.2555211 45.1478164)
ASSO,POINT (9.2651421 45.8671505)
RHO,POINT (9.0514282 45.5310434)
PUEGNAGO SUL GARDA,POINT (10.5125037 45.5711097)
PONNA,POINT (9.1130537 45.9955731)
ROGOLO,POINT (9.4809618 46.1094204)
BARBIANELLO,POINT (9.208017 45.0785354)
TREZZANO SUL NAVIGLIO,POINT (9.0571327 45.4218941)
BRUSIMPIANO,POINT (8.8796868 45.9397551)
GARLASCO,POINT (8.9344764 45.2057786)
ERBA,POINT (9.2187876 45.8162262)
CASTELLI CALEPIO,POINT (9.8988815 45.6318333)
GRUMELLO DEL MONTE,POINT (9.8734771 45.6377023)
BERGAMO,POINT (9.6665313 45.6934118)
CANNETO SULL'OGLIO,POINT (10.3751847 45.1626628)
CLAINO CON OSTENO,POINT (9.0924329 46.0095067)
MOSCAZZANO,POINT (9.6780725 45.2930373)
MARTIGNANA DI PO,POINT (10.378894 45.0043918)
CASALETTO VAPRIO,POINT (9.6421982 45.4102434)
OFFANENGO,POINT (9.7500358 45.3866629)
VARENNA,POINT (9.2908782 45.9891078)
CASTRONNO,POINT (8.811001 45.7527705)
OFFLAGA,POINT (10.1117522 45.3789738)
REMEDELLO,POINT (10.3672206 45.2711321)
BRUGHERIO,POINT (9.2966825 45.5541319)
OLIVA GESSI,POINT (9.1854404 45.0009472)
AGRA,POINT (8.7638334 46.0367834)
RONCOLA,POINT (9.5428439 45.7803622)
CHIURO,POINT (10.0108279 46.220456)
IDRO,POINT (10.497835 45.7610821)
LIVO,POINT (9.2921579 46.2009836)
VARZI,POINT (9.2186449 44.8044431)
DESENZANO DEL GARDA,POINT (10.5646346 45.4524613)
OSSIMO,POINT (10.2217262 45.9682818)
SEGRATE,POINT (9.2858815 45.4827591)
CIVO,POINT (9.58899 46.1788416)
MAIRAGO,POINT (9.5870621 45.2543424)
OSSAGO LODIGIANO,POINT (9.5378806 45.2432821)
RIPALTA ARPINA,POINT (9.7201201 45.2880274)
NOVA MILANESE,POINT (9.1938545 45.5893516)
CELLATICA,POINT (10.1792542 45.5745943)
MORNICO AL SERIO,POINT (9.8029067 45.584532)
MEZZANINO,POINT (9.2049228 45.1246017)
GOMBITO,POINT (9.736955 45.2541918)
VELEZZO LOMELLINA,POINT (8.7369967 45.1576761)
AZZATE,POINT (8.7901796 45.7777662)
ERBUSCO,POINT (9.9594344 45.5937107)
VIGGIU',POINT (8.9064415 45.8680318)
SAREZZO,POINT (10.2023523 45.6626195)
POLAVENO,POINT (10.1313971 45.6669701)
MONVALLE,POINT (8.6181116 45.8549863)
BORGARELLO,POINT (9.151095 45.2406496)
GORLA MINORE,POINT (8.9154617 45.6492344)
PADERNO FRANCIACORTA,POINT (10.0858158 45.5812985)
DALMINE,POINT (9.5992406 45.6467653)
CAPERGNANICA,POINT (9.6459769 45.3310726)
CALCO,POINT (9.4264024 45.7246624)
CEDRASCO,POINT (9.7883953 46.105109)
CORTENOVA,POINT (9.3890963 45.9938846)
SONICO,POINT (10.4105413 46.1416114)
CUGGIONO,POINT (8.7953903 45.5070459)
MEZZAGO,POINT (9.4427906 45.6308925)
RIVAROLO MANTOVANO,POINT (10.4530126 45.0673097)
MESENZANA,POINT (8.7528344 45.9453817)
OLEVANO DI LOMELLINA,POINT (8.7189309 45.2049313)
ARDENNO,POINT (9.6469078 46.1805875)
VIADANA,POINT (10.5889684 44.9826089)
SARTIRANA LOMELLINA,POINT (8.6627493 45.1062112)
SAMOLACO,POINT (9.377259 46.2447009)
MORBEGNO,POINT (9.5939528 46.1305569)
MACCAGNO CON PINO E VEDDASCA,POINT (8.7807335 46.0737016)
BIANDRONNO,POINT (8.7138111 45.8136002)
VILLACHIARA,POINT (9.9157766 45.3562927)
BINASCO,POINT (9.1038591 45.3304226)
SCANDOLARA RAVARA,POINT (10.3080194 45.0451996)
PONTE IN VALTELLINA,POINT (9.9914219 46.1544114)
PEDRENGO,POINT (9.7399038 45.6959816)
GAZZANIGA,POINT (9.802887 45.8138465)
RONAGO,POINT (8.9839037 45.8300816)
VILLA GUARDIA,POINT (9.0236207 45.7738047)
CASTELCOVATI,POINT (9.9436996 45.4987693)
MENAGGIO,POINT (9.2323686 46.0237672)
BOVEGNO,POINT (10.2792705 45.8174821)
CAVARIA CON PREMEZZO,POINT (8.7960783 45.6927392)
AVERARA,POINT (9.628475 46.012445)
CASATENOVO,POINT (9.3266427 45.6810706)
VAREDO,POINT (9.1655928 45.5987232)
RONCARO,POINT (9.2698144 45.2288971)
CENATE SOTTO,POINT (9.8142214 45.7000193)
BRENO,POINT (10.3855774 45.9414611)
SAN BENEDETTO PO,POINT (10.9212914 45.0205856)
CREMENAGA,POINT (8.7995319 45.9800663)
SOLBIATE ARNO,POINT (8.8158631 45.7194069)
CASALOLDO,POINT (10.4832166 45.2519827)
BELGIOIOSO,POINT (9.3120849 45.1394088)
CAMPAGNOLA CREMASCA,POINT (9.6712366 45.4022224)
TORBOLE CASAGLIA,POINT (10.1140414 45.5019756)
COLVERDE,POINT (9.0011995 45.8044899)
GAGGIANO,POINT (9.0210123 45.3967623)
LAMBRUGO,POINT (9.2458442 45.7610156)
AMBIVERE,POINT (9.5394612 45.7213428)
POGGIRIDENTI,POINT (9.9255975 46.1729656)
PROVAGLIO VAL SABBIA,POINT (10.4420865 45.685366)
CORTE DE' FRATI,POINT (10.1054489 45.2266317)
CORNA IMAGNA,POINT (9.547574 45.8363186)
NIARDO,POINT (10.3641422 45.9555048)
RIVANAZZANO TERME,POINT (9.0230999 44.9339775)
GRANDOLA ED UNITI,POINT (9.1955441 46.0508554)
CASTREZZATO,POINT (9.980548 45.509607)
MAZZO DI VALTELLINA,POINT (10.2524277 46.2614742)
ROVESCALA,POINT (9.3470642 45.0104902)
LAGLIO,POINT (9.1315831 45.8883664)
TERRANOVA DEI PASSERINI,POINT (9.676214 45.2041446)
PIURO,POINT (9.4419715 46.3967574)
LOGRATO,POINT (10.0751778 45.4850049)
FAGGETO LARIO,POINT (9.1708144 45.85802)
POGLIANO MILANESE,POINT (8.990315 45.5366847)
MIRADOLO TERME,POINT (9.447724 45.1798629)
TAVERNOLE SUL MELLA,POINT (10.2074459 45.7479364)
PONTOGLIO,POINT (9.8579085 45.5632047)
TORLINO VIMERCATI,POINT (9.5948664 45.4270856)
SOLARO,POINT (9.0806803 45.6136682)
CASTELLO DI BRIANZA,POINT (9.3483937 45.7564017)
ALBIOLO,POINT (8.9408126 45.8056397)
MARONE,POINT (10.1151758 45.7502897)
MAZZANO,POINT (10.3526452 45.5030448)
SAN GIORGIO DI LOMELLINA,POINT (8.7808896 45.1751755)
CASTEL GOFFREDO,POINT (10.485121 45.3006922)
LENO,POINT (10.2161237 45.3610479)
SENNA COMASCO,POINT (9.100972 45.7610827)
BOLGARE,POINT (9.8124458 45.6294862)
RANICA,POINT (9.7098217 45.7283937)
SERRAVALLE A PO,POINT (11.0819825 45.0742728)
GRONTARDO,POINT (10.1466108 45.2014051)
CANNETO PAVESE,POINT (9.2849809 45.0482141)
ANGERA,POINT (8.5987641 45.7715767)
COZZO,POINT (8.616945 45.2072228)
CREMONA,POINT (10.0260679 45.1364777)
BREMBATE DI SOPRA,POINT (9.5800895 45.7156076)
MANTELLO,POINT (9.4812481 46.1599931)
ARLUNO,POINT (8.9488986 45.5070139)
COLLE BRIANZA,POINT (9.3809034 45.761818)
CEVO,POINT (10.4265839 46.0668886)
BRENNA,POINT (9.1837376 45.7397275)
CURIGLIA CON MONTEVIASCO,POINT (8.8240572 46.0592251)
SANT'ANGELO LODIGIANO,POINT (9.4016668 45.2297961)
CASALE CREMASCO - VIDOLASCO,POINT (9.7160699 45.43706)
DORIO,POINT (9.3412998 46.1051936)
NIBIONNO,POINT (9.2617103 45.7514472)
SARONNO,POINT (9.0380667 45.6273396)
BREGNANO,POINT (9.0571343 45.6948945)
CALUSCO D'ADDA,POINT (9.4814599 45.685651)
SANTA GIULETTA,POINT (9.190665 45.0381417)
MEDIGLIA,POINT (9.3415786 45.4107476)
OSSONA,POINT (8.8939444 45.5038136)
BIONE,POINT (10.3359312 45.6738386)
CALOLZIOCORTE,POINT (9.4472945 45.7952284)
BASTIDA PANCARANA,POINT (9.0885416 45.0981833)
BARGHE,POINT (10.4059779 45.6800621)
VEDESETA,POINT (9.5426987 45.9113211)
CUNARDO,POINT (8.8014997 45.9340857)
COLLIO,POINT (10.3547284 45.8283139)
DOSSO DEL LIRO,POINT (9.2388464 46.1955646)
DELEBIO,POINT (9.444091 46.1154255)
ROE' VOLCIANO,POINT (10.4983056 45.6182054)
LENTATE SUL SEVESO,POINT (9.1209592 45.6748549)
CASANOVA LONATI,POINT (9.2158232 45.0950308)
CODEVILLA,POINT (9.057735 44.9664021)
SAN GIOVANNI IN CROCE,POINT (10.3799513 45.0747485)
ROBECCO D'OGLIO,POINT (10.0623008 45.2572151)
RANCIO VALCUVIA,POINT (8.7728909 45.91248)
MAGREGLIO,POINT (9.2450141 45.9184072)
VILLA D'OGNA,POINT (9.9358461 45.9074937)
POMPONESCO,POINT (10.5937255 44.9465258)
PRESEGLIE,POINT (10.3853118 45.6686904)
CARENNO,POINT (9.4750966 45.8055939)
NERVIANO,POINT (8.979052 45.5492438)
VEROLANUOVA,POINT (10.0771252 45.3375011)
CODOGNO,POINT (9.6942845 45.1667183)
DAVERIO,POINT (8.7642623 45.7729859)
PLESIO,POINT (9.2159143 46.0653807)
INCUDINE,POINT (10.3687676 46.233333)
VAL REZZO,POINT (9.1008972 46.0702358)
GARDONE VAL TROMPIA,POINT (10.1748964 45.7079842)
CREMENO,POINT (9.4622225 45.9172622)
SORISOLE,POINT (9.6487876 45.7503076)
ALBINO,POINT (9.81988 45.7589511)
CIVIDATE CAMUNO,POINT (10.2657836 45.9405796)
LOZIO,POINT (10.2409199 45.9973107)
CAMBIAGO,POINT (9.4208655 45.5719022)
CANEGRATE,POINT (8.9256941 45.5670721)
MUSSO,POINT (9.2691086 46.1123547)
CASARILE,POINT (9.1017709 45.3146272)
BERZO DEMO,POINT (10.3478528 46.1031474)
CISLAGO,POINT (8.9615976 45.6566574)
MANTOVA,POINT (10.8135892 45.1443943)
GUSSOLA,POINT (10.3390375 45.0058045)
CORNOVECCHIO,POINT (9.8072223 45.1451429)
CORNALE E BASTIDA,POINT (8.911636 45.0625594)
SERINA,POINT (9.736973 45.8858629)
VERDERIO,POINT (9.4417456 45.6629705)
PIZZALE,POINT (9.053126 45.0467924)
CALVIGNASCO,POINT (9.0248768 45.3256802)
VERCURAGO,POINT (9.4267986 45.8096889)
VERANO BRIANZA,POINT (9.2235951 45.6849404)
CERVESINA,POINT (9.0132395 45.0625993)
MONTU' BECCARIA,POINT (9.3300323 45.0313957)
BUSNAGO,POINT (9.4637479 45.6104081)
PONTE SAN PIETRO,POINT (9.5791587 45.7001669)
LUNGAVILLA,POINT (9.0816576 45.0350564)
ASSAGO,POINT (9.1368 45.3992997)
SAN MARTINO IN STRADA,POINT (9.5361015 45.2770077)
GUARDAMIGLIO,POINT (9.6684858 45.1105802)
TURATE,POINT (9.0036352 45.6623097)
MONGUZZO,POINT (9.2245687 45.7774729)
BONATE SOTTO,POINT (9.5618817 45.6608191)
CASALZUIGNO,POINT (8.7073278 45.9116322)
CARONNO PERTUSELLA,POINT (9.0455797 45.5944834)
COLOGNO MONZESE,POINT (9.2841671 45.5330385)
COMMESSAGGIO,POINT (10.5670059 45.0379711)
AZZIO,POINT (8.7103361 45.8884964)
PASSIRANO,POINT (10.0567167 45.5924096)
LARDIRAGO,POINT (9.2519704 45.2396523)
VISANO,POINT (10.3672471 45.3133138)
CORNAREDO,POINT (9.0247002 45.4882025)
VARANO BORGHI,POINT (8.7030768 45.771093)
BIANZONE,POINT (10.0986386 46.2000937)
VIGNATE,POINT (9.3774697 45.4951167)
CASTELMARTE,POINT (9.2434268 45.835886)
COSTA VOLPINO,POINT (10.0895423 45.838174)
CASTRO,POINT (10.0656172 45.8004436)
ALZATE BRIANZA,POINT (9.1856854 45.760918)
ROMANENGO,POINT (9.7901394 45.3840528)
BINAGO,POINT (8.9200414 45.7735395)
LUZZANA,POINT (9.8679607 45.7213356)
CURTATONE,POINT (10.7131421 45.1096811)
CERESARA,POINT (10.560141 45.2505937)
LONGONE AL SEGRINO,POINT (9.257786 45.8239225)
CASALMAIOCCO,POINT (9.3718615 45.3585716)
FAEDO VALTELLINO,POINT (9.9034749 46.1415436)
MOZZATE,POINT (8.9494031 45.6805773)
TRIVOLZIO,POINT (9.0468353 45.2621994)
CIRIMIDO,POINT (9.0131837 45.6948924)
POMPIANO,POINT (9.9964149 45.4191888)
CERVENO,POINT (10.2849517 46.0134581)
MULAZZANO,POINT (9.4067 45.3686718)
BORGO DI TERZO,POINT (9.8765992 45.7250334)
SELVINO,POINT (9.7478872 45.7847981)
SAN NAZZARO VAL CAVARGNA,POINT (9.1357204 46.1036753)
ORIO LITTA,POINT (9.5515393 45.1544711)
BORDOLANO,POINT (9.9807459 45.2917346)
VILLANTERIO,POINT (9.3613048 45.2272114)
POGNANA LARIO,POINT (9.1646624 45.8819863)
TRIBIANO,POINT (9.3729617 45.4047259)
CINGIA DE' BOTTI,POINT (10.2657698 45.0805104)
VALLE LOMELLINA,POINT (8.6711863 45.1555438)
SAN CIPRIANO PO,POINT (9.2831756 45.1110247)
LANGOSCO,POINT (8.5586611 45.2158517)
GHEDI,POINT (10.2708031 45.3945272)
NOVIGLIO,POINT (9.0680642 45.3634662)
NUVOLENTO,POINT (10.3814565 45.5405424)
ALBIATE,POINT (9.2513061 45.6544665)
TREVIOLO,POINT (9.606696 45.6729331)
CALCIO,POINT (9.8453989 45.5033115)
CERMENATE,POINT (9.083256 45.7007569)
PREMANA,POINT (9.4575175 46.0532744)
CASTELNUOVO BOZZENTE,POINT (8.9417587 45.7584961)
PINAROLO PO,POINT (9.17128 45.0789132)
CORANA,POINT (8.9634298 45.067433)
LAINO,POINT (9.1022147 45.9830055)
STROZZA,POINT (9.5805226 45.7703057)
LEGNANO,POINT (8.9059818 45.595806)
DOLZAGO,POINT (9.3431981 45.769176)
CASTEL GABBIANO,POINT (9.7175858 45.4702316)
ARZAGO D'ADDA,POINT (9.5656935 45.4740048)
LENNA,POINT (9.682635 45.9313786)
CASTIRAGA VIDARDO,POINT (9.3977549 45.2644801)
VILLA CORTESE,POINT (8.8866559 45.56806)
MERCALLO,POINT (8.6720554 45.751954)
RETORBIDO,POINT (9.0493464 44.9462939)
BRESSANA BOTTARONE,POINT (9.1249625 45.0835699)
CUVIO,POINT (8.7334211 45.8862215)
ORIO AL SERIO,POINT (9.6956204 45.6692936)
ORNAGO,POINT (9.4241173 45.6003284)
REDAVALLE,POINT (9.2071101 45.0477769)
MOZZO,POINT (9.6098586 45.7016746)
ARCONATE,POINT (8.8407426 45.5426549)
CARDANO AL CAMPO,POINT (8.7555616 45.6469946)
MADONE,POINT (9.5457941 45.6506531)
GORLE,POINT (9.7141864 45.701057)
MALGRATE,POINT (9.3792134 45.8474774)
BORGOSATOLLO,POINT (10.236743 45.4814918)
GROMO,POINT (9.9702504 45.9738242)
LOCATELLO,POINT (9.5305533 45.8415442)
ZENEVREDO,POINT (9.3394976 45.0554438)
SESTO ED UNITI,POINT (9.9264721 45.1864731)
CASTEL ROZZONE,POINT (9.6193732 45.5526785)
CAMERATA CORNELLO,POINT (9.6410391 45.9141042)
RONCOFERRARO,POINT (10.9521764 45.1209009)
SAN FERMO DELLA BATTAGLIA,POINT (9.0405881 45.8072292)
LOVERE,POINT (10.0677543 45.8225092)
ZANICA,POINT (9.7051966 45.6362809)
GORDONA,POINT (9.3193406 46.2796375)
BOSSICO,POINT (10.047116 45.8425527)
BORGO SAN GIACOMO,POINT (9.984 45.3456379)
CERNUSCO LOMBARDONE,POINT (9.390571 45.6920427)
BELLANO,POINT (9.3216327 46.0459774)
VIGANO SAN MARTINO,POINT (9.8891954 45.7306769)
ORNICA,POINT (9.5635477 45.9934963)
TREMEZZINA,POINT (9.184632 45.9833248)
ALBANO SANT'ALESSANDRO,POINT (9.77294 45.6874046)
SCHILPARIO,POINT (10.1831536 46.0217801)
BEDULITA,POINT (9.5443084 45.7932107)
ORZIVECCHI,POINT (9.9638149 45.4247299)
QUISTELLO,POINT (10.9939677 44.9991097)
CAZZAGO BRABBIA,POINT (8.7298179 45.8032499)
POZZO D'ADDA,POINT (9.4968806 45.572447)
MONTORFANO,POINT (9.1460518 45.7815302)
GANDOSSO,POINT (9.8963494 45.6614268)
BOLLATE,POINT (9.1158496 45.5496813)
RODENGO - SAIANO,POINT (10.110262 45.5907561)
VIMODRONE,POINT (9.2871546 45.5153796)
CORMANO,POINT (9.1672034 45.5442534)
SUMIRAGO,POINT (8.7805741 45.7402938)
SERIATE,POINT (9.7295041 45.6626378)
SAN MARTINO SICCOMARIO,POINT (9.113867 45.158777)
MERONE,POINT (9.2500677 45.7816459)
MONTALTO PAVESE,POINT (9.2188069 44.9711375)
CAZZANO SANT'ANDREA,POINT (9.8755432 45.8081323)
GARGNANO,POINT (10.6308256 45.703494)
BOFFALORA SOPRA TICINO,POINT (8.8311404 45.4557319)
LURATE CACCIVIO,POINT (8.9907071 45.7645365)
ISOLA DI FONDRA,POINT (9.7488166 45.9782347)
MENCONICO,POINT (9.2760197 44.7991918)
AZZANELLO,POINT (9.9198137 45.3109587)
CORREZZANA,POINT (9.3055301 45.6687771)
CASTIONE DELLA PRESOLANA,POINT (10.0566135 45.9193449)
MONTEVECCHIA,POINT (9.3734192 45.7046501)
TIGNALE,POINT (10.702392 45.7427232)
VALLIO TERME,POINT (10.3896999 45.6138059)
SORMANO,POINT (9.2313161 45.8928224)
STAZZONA,POINT (9.2450545 46.1489089)
SAN ZENONE AL LAMBRO,POINT (9.3670628 45.3231955)
VAPRIO D'ADDA,POINT (9.5196327 45.5723032)
ANZANO DEL PARCO,POINT (9.2076503 45.7698607)
BURAGO DI MOLGORA,POINT (9.3869708 45.595804)
BRINZIO,POINT (8.7948663 45.8862329)
INVERIGO,POINT (9.2248195 45.7364916)
OGGIONO,POINT (9.3422332 45.7915227)
SAN GIORGIO BIGARELLO,POINT (10.8873394 45.1847687)
OSTIGLIA,POINT (11.1505185 45.0855244)
FORNOVO SAN GIOVANNI,POINT (9.6961703 45.4910767)
MARTINENGO,POINT (9.7744089 45.5601894)
LUVINATE,POINT (8.7674228 45.849246)
GALLIAVOLA,POINT (8.8244723 45.0949226)
CORRIDO,POINT (9.1242234 46.0563127)
CASTELLEONE,POINT (9.7770313 45.2948519)
CREMELLA,POINT (9.3050695 45.7418263)
SANTA MARIA DELLA VERSA,POINT (9.3037027 44.9858946)
ZINASCO,POINT (9.0301747 45.112747)
MARCHENO,POINT (10.2151719 45.7166491)
COMAZZO,POINT (9.4520649 45.4464736)
